model,final_balance,max_drawdown,mean_reward,trades,winrate,final_balance_norm,winrate_norm,max_drawdown_norm,score
coke_SHORTER_8M.zip,350.52127807340383,0.3849713906363233,0.23889067453910431,0.0,0.0,0.9999999999861726,0.0,0.9999999856521615,0.6000000028612712
coke_SHORTER_8M_best.zip,297.68649260556447,0.3243961707418418,0.30058169512256194,0.0,0.0,0.2694367254219282,0.0,0.13087651331789185,0.33548673258957856
super_winner_8M.zip,291.86921345505715,0.3152744822526771,0.2527152198699729,0.0,0.0,0.1889993683357364,0.0,0.0,0.31339962100144186
super_winner_8M_best_model.zip,278.2006628623218,0.3264723860530174,0.20713290546011462,0.0,0.0,0.0,0.0,0.1606657153002512,0.16786685693994977
